{"value": [0.0, 0.53300000000000003, 1.0660000000000001, 1.5990000000000002, 2.1320000000000001], "time": [0.0, 0.123, 0.246, 0.36899999999999999, 0.49199999999999999]}